id,ASSIGN,BEGIN,COMMA,CONST,DIV,DO,END,EQUAL,GE,GT,ID,IF,LE,LPAREN,LT,MINUS,NEQ,NUM,PLUS,PROGRAM,RPAREN,SEMI,TERMINAL,THEN,TIMES,VAR,WHILE,AssignmentStatement,CompoundStatement,Condition,ConditionStatement,ConstantDeclaration,ConstantDefinition,EmptyStatement,Expression,Factor,Identifier,LoopStatement,M,NextConstantDefinition,NextID,NextStatement,Program,Program`,RelationalOperator,Statement,SubProgram,Term,VariableDeclaration,
0,,,,,,,,,,,,,,,,,,,,s1,,,,,,,,,,,,,,,,,,,,,,,2,,,,,,,
1,,,,,,,,,,,s3,,,,,,,,,,,,,,,,,,,,,,,,,,,,,,,,,,,,,,,
2,,,,,,,,,,,,,,,,,,,,,,,acc,,,,,,,,,,,,,,,,,,,,,,,,,,,
3,,s5,,s6,,,,,,,s11,s12,,,,,,,,,,,r43,,,s17,s19,4,7,,8,9,,10,,,13,14,,,,,,,,15,16,,18,
4,,,,,,,,,,,,,,,,,,,,,,,r16,,,,,,,,,,,,,,,,,,,,,,,,,,,
5,,s21,,,,,r43,,,,s11,s25,,,,,,,,,,r43,,,,,s29,20,22,,23,,,24,,,26,27,,,,,,,,28,,,,
6,,,,,,,,,,,s31,,,,,,,,,,,,,,,,,,,,,,30,,,,,,,,,,,,,,,,,
7,,,,,,,,,,,,,,,,,,,,,,,r19,,,,,,,,,,,,,,,,,,,,,,,,,,,
8,,,,,,,,,,,,,,,,,,,,,,,r17,,,,,,,,,,,,,,,,,,,,,,,,,,,
9,,s5,,,,,,,,,s11,s12,,,,,,,,,,,r43,,,s17,s19,4,7,,8,,,10,,,13,14,,,,,,,,32,,,33,
10,,,,,,,,,,,,,,,,,,,,,,,r20,,,,,,,,,,,,,,,,,,,,,,,,,,,
11,r44,,,,,,,,,,,,,,,,,,,,,,,,,,,,,,,,,,,,,,,,,,,,,,,,,
12,,,,,,,,,,,s37,,,s39,,s40,,s41,s42,,,,,,,,,,,34,,,,,35,36,38,,,,,,,,,,,43,,
13,s44,,,,,,,,,,,,,,,,,,,,,,,,,,,,,,,,,,,,,,,,,,,,,,,,,
14,,,,,,,,,,,,,,,,,,,,,,,r18,,,,,,,,,,,,,,,,,,,,,,,,,,,
15,,,,,,,,,,,,,,,,,,,,,,,r5,,,,,,,,,,,,,,,,,,,,,,,,,,,
16,,,,,,,,,,,,,,,,,,,,,,,r1,,,,,,,,,,,,,,,,,,,,,,,,,,,
17,,,,,,,,,,,s45,,,,,,,,,,,,,,,,,,,,,,,,,,,,,,,,,,,,,,,
18,,s5,,,,,,,,,s11,s12,,,,,,,,,,,r43,,,,s19,4,7,,8,,,10,,,13,14,,,,,,,,46,,,,
19,,,,,,,,,,,r34,,,r34,,r34,,r34,r34,,,,,,,,,,,,,,,,,,,,47,,,,,,,,,,,
20,,,,,,,r16,,,,,,,,,,,,,,,r16,,,,,,,,,,,,,,,,,,,,,,,,,,,,
21,,s21,,,,,r43,,,,s11,s25,,,,,,,,,,r43,,,,,s29,20,22,,23,,,24,,,26,27,,,,,,,,48,,,,
22,,,,,,,r19,,,,,,,,,,,,,,,r19,,,,,,,,,,,,,,,,,,,,,,,,,,,,
23,,,,,,,r17,,,,,,,,,,,,,,,r17,,,,,,,,,,,,,,,,,,,,,,,,,,,,
24,,,,,,,r20,,,,,,,,,,,,,,,r20,,,,,,,,,,,,,,,,,,,,,,,,,,,,
25,,,,,,,,,,,s37,,,s39,,s40,,s41,s42,,,,,,,,,,,49,,,,,35,36,38,,,,,,,,,,,43,,
26,s50,,,,,,,,,,,,,,,,,,,,,,,,,,,,,,,,,,,,,,,,,,,,,,,,,
27,,,,,,,r18,,,,,,,,,,,,,,,r18,,,,,,,,,,,,,,,,,,,,,,,,,,,,
28,,,,,,,s51,,,,,,,,,,,,,,,s53,,,,,,,,,,,,,,,,,,,,52,,,,,,,,
29,,,,,,,,,,,r34,,,r34,,r34,,r34,r34,,,,,,,,,,,,,,,,,,,,54,,,,,,,,,,,
30,,,s55,,,,,,,,,,,,,,,,,,,s57,,,,,,,,,,,,,,,,,,56,,,,,,,,,,
31,s58,,,,,,,,,,,,,,,,,,,,,,,,,,,,,,,,,,,,,,,,,,,,,,,,,
32,,,,,,,,,,,,,,,,,,,,,,,r3,,,,,,,,,,,,,,,,,,,,,,,,,,,
33,,s5,,,,,,,,,s11,s12,,,,,,,,,,,r43,,,,s19,4,7,,8,,,10,,,13,14,,,,,,,,59,,,,
34,,,,,,,,,,,,,,,,,,,,,,,,s60,,,,,,,,,,,,,,,,,,,,,,,,,,
35,,,,,,,,s61,s62,s63,,,s64,,s65,s66,s67,,s68,,,,,,,,,,,,,,,,,,,,,,,,,,69,,,,,
36,,,,,r27,,,r27,r27,r27,,,r27,,r27,r27,r27,,r27,,,,,,r27,,,,,,,,,,,,,,,,,,,,,,,,,
37,,,,,r44,,,r44,r44,r44,,,r44,,r44,r44,r44,,r44,,,,,,r44,,,,,,,,,,,,,,,,,,,,,,,,,
38,,,,,r30,,,r30,r30,r30,,,r30,,r30,r30,r30,,r30,,,,,,r30,,,,,,,,,,,,,,,,,,,,,,,,,
39,,,,,,,,,,,s72,,,s74,,s75,,s76,s77,,,,,,,,,,,,,,,,70,71,73,,,,,,,,,,,78,,
40,,,,,,,,,,,s80,,,s82,,,,s83,,,,,,,,,,,,,,,,,,79,81,,,,,,,,,,,84,,
41,,,,,r31,,,r31,r31,r31,,,r31,,r31,r31,r31,,r31,,,,,,r31,,,,,,,,,,,,,,,,,,,,,,,,,
42,,,,,,,,,,,s80,,,s82,,,,s83,,,,,,,,,,,,,,,,,,79,81,,,,,,,,,,,85,,
43,,,,,s86,,,r24,r24,r24,,,r24,,r24,r24,r24,,r24,,,,,,s87,,,,,,,,,,,,,,,,,,,,,,,,,
44,,,,,,,,,,,s90,,,s92,,s93,,s94,s95,,,,,,,,,,,,,,,,88,89,91,,,,,,,,,,,96,,
45,,,s97,,,,,,,,,,,,,,,,,,,s99,,,,,,,,,,,,,,,,,,,98,,,,,,,,,
46,,,,,,,,,,,,,,,,,,,,,,,r4,,,,,,,,,,,,,,,,,,,,,,,,,,,
47,,,,,,,,,,,s37,,,s39,,s40,,s41,s42,,,,,,,,,,,100,,,,,101,36,38,,,,,,,,,,,43,,
48,,,,,,,s102,,,,,,,,,,,,,,,s104,,,,,,,,,,,,,,,,,,,,103,,,,,,,,
49,,,,,,,,,,,,,,,,,,,,,,,,s105,,,,,,,,,,,,,,,,,,,,,,,,,,
50,,,,,,,,,,,s108,,,s110,,s111,,s112,s113,,,,,,,,,,,,,,,,106,107,109,,,,,,,,,,,114,,
51,,,,,,,,,,,,,,,,,,,,,,,r15,,,,,,,,,,,,,,,,,,,,,,,,,,,
52,,,,,,,,,,,,,,,,,,,,,,,r13,,,,,,,,,,,,,,,,,,,,,,,,,,,
53,,r34,,,,,r34,,,,r34,r34,,,,,,,,,,r34,,,,,r34,,,,,,,,,,,,115,,,,,,,,,,,
54,,,,,,,,,,,s37,,,s39,,s40,,s41,s42,,,,,,,,,,,116,,,,,101,36,38,,,,,,,,,,,43,,
55,,,,,,,,,,,s31,,,,,,,,,,,,,,,,,,,,,,117,,,,,,,,,,,,,,,,,
56,,r6,,,,,,,,,r6,r6,,,,,,,,,,,r6,,,r6,r6,,,,,,,,,,,,,,,,,,,,,,,
57,,r8,,,,,,,,,r8,r8,,,,,,,,,,,r8,,,r8,r8,,,,,,,,,,,,,,,,,,,,,,,
58,,,,,,,,,,,,,,,,,,s118,,,,,,,,,,,,,,,,,,,,,,,,,,,,,,,,
59,,,,,,,,,,,,,,,,,,,,,,,r2,,,,,,,,,,,,,,,,,,,,,,,,,,,
60,,r34,,,,,,,,,r34,r34,,,,,,,,,,,r34,,,,r34,,,,,,,,,,,,119,,,,,,,,,,,
61,,,,,,,,,,,r37,,,r37,,r37,,r37,r37,,,,,,,,,,,,,,,,,,,,,,,,,,,,,,,
62,,,,,,,,,,,r42,,,r42,,r42,,r42,r42,,,,,,,,,,,,,,,,,,,,,,,,,,,,,,,
63,,,,,,,,,,,r41,,,r41,,r41,,r41,r41,,,,,,,,,,,,,,,,,,,,,,,,,,,,,,,
64,,,,,,,,,,,r40,,,r40,,r40,,r40,r40,,,,,,,,,,,,,,,,,,,,,,,,,,,,,,,
65,,,,,,,,,,,r39,,,r39,,r39,,r39,r39,,,,,,,,,,,,,,,,,,,,,,,,,,,,,,,
66,,,,,,,,,,,s80,,,s82,,,,s83,,,,,,,,,,,,,,,,,,79,81,,,,,,,,,,,120,,
67,,,,,,,,,,,r38,,,r38,,r38,,r38,r38,,,,,,,,,,,,,,,,,,,,,,,,,,,,,,,
68,,,,,,,,,,,s80,,,s82,,,,s83,,,,,,,,,,,,,,,,,,79,81,,,,,,,,,,,121,,
69,,,,,,,,,,,s124,,,s126,,s127,,s128,s129,,,,,,,,,,,,,,,,122,123,125,,,,,,,,,,,130,,
70,,,,,,,,,,,,,,,,s131,,,s132,,s133,,,,,,,,,,,,,,,,,,,,,,,,,,,,,
71,,,,,r27,,,,,,,,,,,r27,,,r27,,r27,,,,r27,,,,,,,,,,,,,,,,,,,,,,,,,
72,,,,,r44,,,,,,,,,,,r44,,,r44,,r44,,,,r44,,,,,,,,,,,,,,,,,,,,,,,,,
73,,,,,r30,,,,,,,,,,,r30,,,r30,,r30,,,,r30,,,,,,,,,,,,,,,,,,,,,,,,,
74,,,,,,,,,,,s72,,,s74,,s75,,s76,s77,,,,,,,,,,,,,,,,134,71,73,,,,,,,,,,,78,,
75,,,,,,,,,,,s136,,,s138,,,,s139,,,,,,,,,,,,,,,,,,135,137,,,,,,,,,,,140,,
76,,,,,r31,,,,,,,,,,,r31,,,r31,,r31,,,,r31,,,,,,,,,,,,,,,,,,,,,,,,,
77,,,,,,,,,,,s136,,,s138,,,,s139,,,,,,,,,,,,,,,,,,135,137,,,,,,,,,,,141,,
78,,,,,s142,,,,,,,,,,,r24,,,r24,,r24,,,,s143,,,,,,,,,,,,,,,,,,,,,,,,,
79,,,,,r27,,,r27,r27,r27,,,r27,,r27,r27,r27,,r27,,,,,,r27,,,,,,,,,,,,,,,,,,,,,,,,,
80,,,,,r44,,,r44,r44,r44,,,r44,,r44,r44,r44,,r44,,,,,,r44,,,,,,,,,,,,,,,,,,,,,,,,,
81,,,,,r30,,,r30,r30,r30,,,r30,,r30,r30,r30,,r30,,,,,,r30,,,,,,,,,,,,,,,,,,,,,,,,,
82,,,,,,,,,,,s72,,,s74,,s75,,s76,s77,,,,,,,,,,,,,,,,144,71,73,,,,,,,,,,,78,,
83,,,,,r31,,,r31,r31,r31,,,r31,,r31,r31,r31,,r31,,,,,,r31,,,,,,,,,,,,,,,,,,,,,,,,,
84,,,,,s145,,,r23,r23,r23,,,r23,,r23,r23,r23,,r23,,,,,,s146,,,,,,,,,,,,,,,,,,,,,,,,,
85,,,,,s145,,,r22,r22,r22,,,r22,,r22,r22,r22,,r22,,,,,,s146,,,,,,,,,,,,,,,,,,,,,,,,,
86,,,,,,,,,,,s37,,,s39,,,,s41,,,,,,,,,,,,,,,,,,147,38,,,,,,,,,,,,,
87,,,,,,,,,,,s37,,,s39,,,,s41,,,,,,,,,,,,,,,,,,148,38,,,,,,,,,,,,,
88,,,,,,,,,,,,,,,,s149,,,s150,,,,r21,,,,,,,,,,,,,,,,,,,,,,,,,,,
89,,,,,r27,,,,,,,,,,,r27,,,r27,,,,r27,,r27,,,,,,,,,,,,,,,,,,,,,,,,,
90,,,,,r44,,,,,,,,,,,r44,,,r44,,,,r44,,r44,,,,,,,,,,,,,,,,,,,,,,,,,
91,,,,,r30,,,,,,,,,,,r30,,,r30,,,,r30,,r30,,,,,,,,,,,,,,,,,,,,,,,,,
92,,,,,,,,,,,s72,,,s74,,s75,,s76,s77,,,,,,,,,,,,,,,,151,71,73,,,,,,,,,,,78,,
93,,,,,,,,,,,s153,,,s155,,,,s156,,,,,,,,,,,,,,,,,,152,154,,,,,,,,,,,157,,
94,,,,,r31,,,,,,,,,,,r31,,,r31,,,,r31,,r31,,,,,,,,,,,,,,,,,,,,,,,,,
95,,,,,,,,,,,s153,,,s155,,,,s156,,,,,,,,,,,,,,,,,,152,154,,,,,,,,,,,158,,
96,,,,,s159,,,,,,,,,,,r24,,,r24,,,,r24,,s160,,,,,,,,,,,,,,,,,,,,,,,,,
97,,,,,,,,,,,s161,,,,,,,,,,,,,,,,,,,,,,,,,,,,,,,,,,,,,,,
98,,r10,,,,,,,,,r10,r10,,,,,,,,,,,r10,,,,r10,,,,,,,,,,,,,,,,,,,,,,,
99,,r12,,,,,,,,,r12,r12,,,,,,,,,,,r12,,,,r12,,,,,,,,,,,,,,,,,,,,,,,
100,,,,,,s162,,,,,,,,,,,,,,,,,,,,,,,,,,,,,,,,,,,,,,,,,,,,
101,,,,,,,,s61,s62,s63,,,s64,,s65,s66,s67,,s68,,,,,,,,,,,,,,,,,,,,,,,,,,163,,,,,
102,,,,,,,r15,,,,,,,,,,,,,,,r15,,,,,,,,,,,,,,,,,,,,,,,,,,,,
103,,,,,,,r13,,,,,,,,,,,,,,,r13,,,,,,,,,,,,,,,,,,,,,,,,,,,,
104,,r34,,,,,r34,,,,r34,r34,,,,,,,,,,r34,,,,,r34,,,,,,,,,,,,164,,,,,,,,,,,
105,,r34,,,,,r34,,,,r34,r34,,,,,,,,,,r34,,,,,r34,,,,,,,,,,,,165,,,,,,,,,,,
106,,,,,,,r21,,,,,,,,,s166,,,s167,,,r21,,,,,,,,,,,,,,,,,,,,,,,,,,,,
107,,,,,r27,,r27,,,,,,,,,r27,,,r27,,,r27,,,r27,,,,,,,,,,,,,,,,,,,,,,,,,
108,,,,,r44,,r44,,,,,,,,,r44,,,r44,,,r44,,,r44,,,,,,,,,,,,,,,,,,,,,,,,,
109,,,,,r30,,r30,,,,,,,,,r30,,,r30,,,r30,,,r30,,,,,,,,,,,,,,,,,,,,,,,,,
110,,,,,,,,,,,s72,,,s74,,s75,,s76,s77,,,,,,,,,,,,,,,,168,71,73,,,,,,,,,,,78,,
111,,,,,,,,,,,s170,,,s172,,,,s173,,,,,,,,,,,,,,,,,,169,171,,,,,,,,,,,174,,
112,,,,,r31,,r31,,,,,,,,,r31,,,r31,,,r31,,,r31,,,,,,,,,,,,,,,,,,,,,,,,,
113,,,,,,,,,,,s170,,,s172,,,,s173,,,,,,,,,,,,,,,,,,169,171,,,,,,,,,,,175,,
114,,,,,s176,,r24,,,,,,,,,r24,,,r24,,,r24,,,s177,,,,,,,,,,,,,,,,,,,,,,,,,
115,,s21,,,,,r43,,,,s11,s25,,,,,,,,,,r43,,,,,s29,20,22,,23,,,24,,,26,27,,,,,,,,178,,,,
116,,,,,,s179,,,,,,,,,,,,,,,,,,,,,,,,,,,,,,,,,,,,,,,,,,,,
117,,,s55,,,,,,,,,,,,,,,,,,,s57,,,,,,,,,,,,,,,,,,180,,,,,,,,,,
118,,,r9,,,,,,,,,,,,,,,,,,,r9,,,,,,,,,,,,,,,,,,,,,,,,,,,,
119,,s5,,,,,,,,,s11,s12,,,,,,,,,,,r43,,,,s19,4,7,,8,,,10,,,13,14,,,,,,,,181,,,,
120,,,,,s145,,,r26,r26,r26,,,r26,,r26,r26,r26,,r26,,,,,,s146,,,,,,,,,,,,,,,,,,,,,,,,,
121,,,,,s145,,,r25,r25,r25,,,r25,,r25,r25,r25,,r25,,,,,,s146,,,,,,,,,,,,,,,,,,,,,,,,,
122,,,,,,,,,,,,,,,,s182,,,s183,,,,,r36,,,,,,,,,,,,,,,,,,,,,,,,,,
123,,,,,r27,,,,,,,,,,,r27,,,r27,,,,,r27,r27,,,,,,,,,,,,,,,,,,,,,,,,,
124,,,,,r44,,,,,,,,,,,r44,,,r44,,,,,r44,r44,,,,,,,,,,,,,,,,,,,,,,,,,
125,,,,,r30,,,,,,,,,,,r30,,,r30,,,,,r30,r30,,,,,,,,,,,,,,,,,,,,,,,,,
126,,,,,,,,,,,s72,,,s74,,s75,,s76,s77,,,,,,,,,,,,,,,,184,71,73,,,,,,,,,,,78,,
127,,,,,,,,,,,s186,,,s188,,,,s189,,,,,,,,,,,,,,,,,,185,187,,,,,,,,,,,190,,
128,,,,,r31,,,,,,,,,,,r31,,,r31,,,,,r31,r31,,,,,,,,,,,,,,,,,,,,,,,,,
129,,,,,,,,,,,s186,,,s188,,,,s189,,,,,,,,,,,,,,,,,,185,187,,,,,,,,,,,191,,
130,,,,,s192,,,,,,,,,,,r24,,,r24,,,,,r24,s193,,,,,,,,,,,,,,,,,,,,,,,,,
131,,,,,,,,,,,s136,,,s138,,,,s139,,,,,,,,,,,,,,,,,,135,137,,,,,,,,,,,194,,
132,,,,,,,,,,,s136,,,s138,,,,s139,,,,,,,,,,,,,,,,,,135,137,,,,,,,,,,,195,,
133,,,,,r32,,,r32,r32,r32,,,r32,,r32,r32,r32,,r32,,,,,,r32,,,,,,,,,,,,,,,,,,,,,,,,,
134,,,,,,,,,,,,,,,,s131,,,s132,,s196,,,,,,,,,,,,,,,,,,,,,,,,,,,,,
135,,,,,r27,,,,,,,,,,,r27,,,r27,,r27,,,,r27,,,,,,,,,,,,,,,,,,,,,,,,,
136,,,,,r44,,,,,,,,,,,r44,,,r44,,r44,,,,r44,,,,,,,,,,,,,,,,,,,,,,,,,
137,,,,,r30,,,,,,,,,,,r30,,,r30,,r30,,,,r30,,,,,,,,,,,,,,,,,,,,,,,,,
138,,,,,,,,,,,s72,,,s74,,s75,,s76,s77,,,,,,,,,,,,,,,,197,71,73,,,,,,,,,,,78,,
139,,,,,r31,,,,,,,,,,,r31,,,r31,,r31,,,,r31,,,,,,,,,,,,,,,,,,,,,,,,,
140,,,,,s198,,,,,,,,,,,r23,,,r23,,r23,,,,s199,,,,,,,,,,,,,,,,,,,,,,,,,
141,,,,,s198,,,,,,,,,,,r22,,,r22,,r22,,,,s199,,,,,,,,,,,,,,,,,,,,,,,,,
142,,,,,,,,,,,s72,,,s74,,,,s76,,,,,,,,,,,,,,,,,,200,73,,,,,,,,,,,,,
143,,,,,,,,,,,s72,,,s74,,,,s76,,,,,,,,,,,,,,,,,,201,73,,,,,,,,,,,,,
144,,,,,,,,,,,,,,,,s131,,,s132,,s202,,,,,,,,,,,,,,,,,,,,,,,,,,,,,
145,,,,,,,,,,,s80,,,s82,,,,s83,,,,,,,,,,,,,,,,,,203,81,,,,,,,,,,,,,
146,,,,,,,,,,,s80,,,s82,,,,s83,,,,,,,,,,,,,,,,,,204,81,,,,,,,,,,,,,
147,,,,,r29,,,r29,r29,r29,,,r29,,r29,r29,r29,,r29,,,,,,r29,,,,,,,,,,,,,,,,,,,,,,,,,
148,,,,,r28,,,r28,r28,r28,,,r28,,r28,r28,r28,,r28,,,,,,r28,,,,,,,,,,,,,,,,,,,,,,,,,
149,,,,,,,,,,,s153,,,s155,,,,s156,,,,,,,,,,,,,,,,,,152,154,,,,,,,,,,,205,,
150,,,,,,,,,,,s153,,,s155,,,,s156,,,,,,,,,,,,,,,,,,152,154,,,,,,,,,,,206,,
151,,,,,,,,,,,,,,,,s131,,,s132,,s207,,,,,,,,,,,,,,,,,,,,,,,,,,,,,
152,,,,,r27,,,,,,,,,,,r27,,,r27,,,,r27,,r27,,,,,,,,,,,,,,,,,,,,,,,,,
153,,,,,r44,,,,,,,,,,,r44,,,r44,,,,r44,,r44,,,,,,,,,,,,,,,,,,,,,,,,,
154,,,,,r30,,,,,,,,,,,r30,,,r30,,,,r30,,r30,,,,,,,,,,,,,,,,,,,,,,,,,
155,,,,,,,,,,,s72,,,s74,,s75,,s76,s77,,,,,,,,,,,,,,,,208,71,73,,,,,,,,,,,78,,
156,,,,,r31,,,,,,,,,,,r31,,,r31,,,,r31,,r31,,,,,,,,,,,,,,,,,,,,,,,,,
157,,,,,s209,,,,,,,,,,,r23,,,r23,,,,r23,,s210,,,,,,,,,,,,,,,,,,,,,,,,,
158,,,,,s209,,,,,,,,,,,r22,,,r22,,,,r22,,s210,,,,,,,,,,,,,,,,,,,,,,,,,
159,,,,,,,,,,,s90,,,s92,,,,s94,,,,,,,,,,,,,,,,,,211,91,,,,,,,,,,,,,
160,,,,,,,,,,,s90,,,s92,,,,s94,,,,,,,,,,,,,,,,,,212,91,,,,,,,,,,,,,
161,,,s97,,,,,,,,,,,,,,,,,,,s99,,,,,,,,,,,,,,,,,,,213,,,,,,,,,
162,,r34,,,,,,,,,r34,r34,,,,,,,,,,,r34,,,,r34,,,,,,,,,,,,214,,,,,,,,,,,
163,,,,,,,,,,,s217,,,s219,,s220,,s221,s222,,,,,,,,,,,,,,,,215,216,218,,,,,,,,,,,223,,
164,,s21,,,,,r43,,,,s11,s25,,,,,,,,,,r43,,,,,s29,20,22,,23,,,24,,,26,27,,,,,,,,224,,,,
165,,s21,,,,,r43,,,,s11,s25,,,,,,,,,,r43,,,,,s29,20,22,,23,,,24,,,26,27,,,,,,,,225,,,,
166,,,,,,,,,,,s170,,,s172,,,,s173,,,,,,,,,,,,,,,,,,169,171,,,,,,,,,,,226,,
167,,,,,,,,,,,s170,,,s172,,,,s173,,,,,,,,,,,,,,,,,,169,171,,,,,,,,,,,227,,
168,,,,,,,,,,,,,,,,s131,,,s132,,s228,,,,,,,,,,,,,,,,,,,,,,,,,,,,,
169,,,,,r27,,r27,,,,,,,,,r27,,,r27,,,r27,,,r27,,,,,,,,,,,,,,,,,,,,,,,,,
170,,,,,r44,,r44,,,,,,,,,r44,,,r44,,,r44,,,r44,,,,,,,,,,,,,,,,,,,,,,,,,
171,,,,,r30,,r30,,,,,,,,,r30,,,r30,,,r30,,,r30,,,,,,,,,,,,,,,,,,,,,,,,,
172,,,,,,,,,,,s72,,,s74,,s75,,s76,s77,,,,,,,,,,,,,,,,229,71,73,,,,,,,,,,,78,,
173,,,,,r31,,r31,,,,,,,,,r31,,,r31,,,r31,,,r31,,,,,,,,,,,,,,,,,,,,,,,,,
174,,,,,s230,,r23,,,,,,,,,r23,,,r23,,,r23,,,s231,,,,,,,,,,,,,,,,,,,,,,,,,
175,,,,,s230,,r22,,,,,,,,,r22,,,r22,,,r22,,,s231,,,,,,,,,,,,,,,,,,,,,,,,,
176,,,,,,,,,,,s108,,,s110,,,,s112,,,,,,,,,,,,,,,,,,232,109,,,,,,,,,,,,,
177,,,,,,,,,,,s108,,,s110,,,,s112,,,,,,,,,,,,,,,,,,233,109,,,,,,,,,,,,,
178,,,,,,,s51,,,,,,,,,,,,,,,s53,,,,,,,,,,,,,,,,,,,,234,,,,,,,,
179,,r34,,,,,r34,,,,r34,r34,,,,,,,,,,r34,,,,,r34,,,,,,,,,,,,235,,,,,,,,,,,
180,,r7,,,,,,,,,r7,r7,,,,,,,,,,,r7,,,r7,r7,,,,,,,,,,,,,,,,,,,,,,,
181,,,,,,,,,,,,,,,,,,,,,,,r33,,,,,,,,,,,,,,,,,,,,,,,,,,,
182,,,,,,,,,,,s186,,,s188,,,,s189,,,,,,,,,,,,,,,,,,185,187,,,,,,,,,,,236,,
183,,,,,,,,,,,s186,,,s188,,,,s189,,,,,,,,,,,,,,,,,,185,187,,,,,,,,,,,237,,
184,,,,,,,,,,,,,,,,s131,,,s132,,s238,,,,,,,,,,,,,,,,,,,,,,,,,,,,,
185,,,,,r27,,,,,,,,,,,r27,,,r27,,,,,r27,r27,,,,,,,,,,,,,,,,,,,,,,,,,
186,,,,,r44,,,,,,,,,,,r44,,,r44,,,,,r44,r44,,,,,,,,,,,,,,,,,,,,,,,,,
187,,,,,r30,,,,,,,,,,,r30,,,r30,,,,,r30,r30,,,,,,,,,,,,,,,,,,,,,,,,,
188,,,,,,,,,,,s72,,,s74,,s75,,s76,s77,,,,,,,,,,,,,,,,239,71,73,,,,,,,,,,,78,,
189,,,,,r31,,,,,,,,,,,r31,,,r31,,,,,r31,r31,,,,,,,,,,,,,,,,,,,,,,,,,
190,,,,,s240,,,,,,,,,,,r23,,,r23,,,,,r23,s241,,,,,,,,,,,,,,,,,,,,,,,,,
191,,,,,s240,,,,,,,,,,,r22,,,r22,,,,,r22,s241,,,,,,,,,,,,,,,,,,,,,,,,,
192,,,,,,,,,,,s124,,,s126,,,,s128,,,,,,,,,,,,,,,,,,242,125,,,,,,,,,,,,,
193,,,,,,,,,,,s124,,,s126,,,,s128,,,,,,,,,,,,,,,,,,243,125,,,,,,,,,,,,,
194,,,,,s198,,,,,,,,,,,r26,,,r26,,r26,,,,s199,,,,,,,,,,,,,,,,,,,,,,,,,
195,,,,,s198,,,,,,,,,,,r25,,,r25,,r25,,,,s199,,,,,,,,,,,,,,,,,,,,,,,,,
196,,,,,r32,,,,,,,,,,,r32,,,r32,,r32,,,,r32,,,,,,,,,,,,,,,,,,,,,,,,,
197,,,,,,,,,,,,,,,,s131,,,s132,,s244,,,,,,,,,,,,,,,,,,,,,,,,,,,,,
198,,,,,,,,,,,s136,,,s138,,,,s139,,,,,,,,,,,,,,,,,,245,137,,,,,,,,,,,,,
199,,,,,,,,,,,s136,,,s138,,,,s139,,,,,,,,,,,,,,,,,,246,137,,,,,,,,,,,,,
200,,,,,r29,,,,,,,,,,,r29,,,r29,,r29,,,,r29,,,,,,,,,,,,,,,,,,,,,,,,,
201,,,,,r28,,,,,,,,,,,r28,,,r28,,r28,,,,r28,,,,,,,,,,,,,,,,,,,,,,,,,
202,,,,,r32,,,r32,r32,r32,,,r32,,r32,r32,r32,,r32,,,,,,r32,,,,,,,,,,,,,,,,,,,,,,,,,
203,,,,,r29,,,r29,r29,r29,,,r29,,r29,r29,r29,,r29,,,,,,r29,,,,,,,,,,,,,,,,,,,,,,,,,
204,,,,,r28,,,r28,r28,r28,,,r28,,r28,r28,r28,,r28,,,,,,r28,,,,,,,,,,,,,,,,,,,,,,,,,
205,,,,,s209,,,,,,,,,,,r26,,,r26,,,,r26,,s210,,,,,,,,,,,,,,,,,,,,,,,,,
206,,,,,s209,,,,,,,,,,,r25,,,r25,,,,r25,,s210,,,,,,,,,,,,,,,,,,,,,,,,,
207,,,,,r32,,,,,,,,,,,r32,,,r32,,,,r32,,r32,,,,,,,,,,,,,,,,,,,,,,,,,
208,,,,,,,,,,,,,,,,s131,,,s132,,s247,,,,,,,,,,,,,,,,,,,,,,,,,,,,,
209,,,,,,,,,,,s153,,,s155,,,,s156,,,,,,,,,,,,,,,,,,248,154,,,,,,,,,,,,,
210,,,,,,,,,,,s153,,,s155,,,,s156,,,,,,,,,,,,,,,,,,249,154,,,,,,,,,,,,,
211,,,,,r29,,,,,,,,,,,r29,,,r29,,,,r29,,r29,,,,,,,,,,,,,,,,,,,,,,,,,
212,,,,,r28,,,,,,,,,,,r28,,,r28,,,,r28,,r28,,,,,,,,,,,,,,,,,,,,,,,,,
213,,r11,,,,,,,,,r11,r11,,,,,,,,,,,r11,,,,r11,,,,,,,,,,,,,,,,,,,,,,,
214,,s5,,,,,,,,,s11,s12,,,,,,,,,,,r43,,,,s19,4,7,,8,,,10,,,13,14,,,,,,,,250,,,,
215,,,,,,r36,,,,,,,,,,s251,,,s252,,,,,,,,,,,,,,,,,,,,,,,,,,,,,,,
216,,,,,r27,r27,,,,,,,,,,r27,,,r27,,,,,,r27,,,,,,,,,,,,,,,,,,,,,,,,,
217,,,,,r44,r44,,,,,,,,,,r44,,,r44,,,,,,r44,,,,,,,,,,,,,,,,,,,,,,,,,
218,,,,,r30,r30,,,,,,,,,,r30,,,r30,,,,,,r30,,,,,,,,,,,,,,,,,,,,,,,,,
219,,,,,,,,,,,s72,,,s74,,s75,,s76,s77,,,,,,,,,,,,,,,,253,71,73,,,,,,,,,,,78,,
220,,,,,,,,,,,s255,,,s257,,,,s258,,,,,,,,,,,,,,,,,,254,256,,,,,,,,,,,259,,
221,,,,,r31,r31,,,,,,,,,,r31,,,r31,,,,,,r31,,,,,,,,,,,,,,,,,,,,,,,,,
222,,,,,,,,,,,s255,,,s257,,,,s258,,,,,,,,,,,,,,,,,,254,256,,,,,,,,,,,260,,
223,,,,,s261,r24,,,,,,,,,,r24,,,r24,,,,,,s262,,,,,,,,,,,,,,,,,,,,,,,,,
224,,,,,,,s102,,,,,,,,,,,,,,,s104,,,,,,,,,,,,,,,,,,,,263,,,,,,,,
225,,,,,,,r33,,,,,,,,,,,,,,,r33,,,,,,,,,,,,,,,,,,,,,,,,,,,,
226,,,,,s230,,r26,,,,,,,,,r26,,,r26,,,r26,,,s231,,,,,,,,,,,,,,,,,,,,,,,,,
227,,,,,s230,,r25,,,,,,,,,r25,,,r25,,,r25,,,s231,,,,,,,,,,,,,,,,,,,,,,,,,
228,,,,,r32,,r32,,,,,,,,,r32,,,r32,,,r32,,,r32,,,,,,,,,,,,,,,,,,,,,,,,,
229,,,,,,,,,,,,,,,,s131,,,s132,,s264,,,,,,,,,,,,,,,,,,,,,,,,,,,,,
230,,,,,,,,,,,s170,,,s172,,,,s173,,,,,,,,,,,,,,,,,,265,171,,,,,,,,,,,,,
231,,,,,,,,,,,s170,,,s172,,,,s173,,,,,,,,,,,,,,,,,,266,171,,,,,,,,,,,,,
232,,,,,r29,,r29,,,,,,,,,r29,,,r29,,,r29,,,r29,,,,,,,,,,,,,,,,,,,,,,,,,
233,,,,,r28,,r28,,,,,,,,,r28,,,r28,,,r28,,,r28,,,,,,,,,,,,,,,,,,,,,,,,,
234,,,,,,,,,,,,,,,,,,,,,,,r14,,,,,,,,,,,,,,,,,,,,,,,,,,,
235,,s21,,,,,r43,,,,s11,s25,,,,,,,,,,r43,,,,,s29,20,22,,23,,,24,,,26,27,,,,,,,,267,,,,
236,,,,,s240,,,,,,,,,,,r26,,,r26,,,,,r26,s241,,,,,,,,,,,,,,,,,,,,,,,,,
237,,,,,s240,,,,,,,,,,,r25,,,r25,,,,,r25,s241,,,,,,,,,,,,,,,,,,,,,,,,,
238,,,,,r32,,,,,,,,,,,r32,,,r32,,,,,r32,r32,,,,,,,,,,,,,,,,,,,,,,,,,
239,,,,,,,,,,,,,,,,s131,,,s132,,s268,,,,,,,,,,,,,,,,,,,,,,,,,,,,,
240,,,,,,,,,,,s186,,,s188,,,,s189,,,,,,,,,,,,,,,,,,269,187,,,,,,,,,,,,,
241,,,,,,,,,,,s186,,,s188,,,,s189,,,,,,,,,,,,,,,,,,270,187,,,,,,,,,,,,,
242,,,,,r29,,,,,,,,,,,r29,,,r29,,,,,r29,r29,,,,,,,,,,,,,,,,,,,,,,,,,
243,,,,,r28,,,,,,,,,,,r28,,,r28,,,,,r28,r28,,,,,,,,,,,,,,,,,,,,,,,,,
244,,,,,r32,,,,,,,,,,,r32,,,r32,,r32,,,,r32,,,,,,,,,,,,,,,,,,,,,,,,,
245,,,,,r29,,,,,,,,,,,r29,,,r29,,r29,,,,r29,,,,,,,,,,,,,,,,,,,,,,,,,
246,,,,,r28,,,,,,,,,,,r28,,,r28,,r28,,,,r28,,,,,,,,,,,,,,,,,,,,,,,,,
247,,,,,r32,,,,,,,,,,,r32,,,r32,,,,r32,,r32,,,,,,,,,,,,,,,,,,,,,,,,,
248,,,,,r29,,,,,,,,,,,r29,,,r29,,,,r29,,r29,,,,,,,,,,,,,,,,,,,,,,,,,
249,,,,,r28,,,,,,,,,,,r28,,,r28,,,,r28,,r28,,,,,,,,,,,,,,,,,,,,,,,,,
250,,,,,,,,,,,,,,,,,,,,,,,r35,,,,,,,,,,,,,,,,,,,,,,,,,,,
251,,,,,,,,,,,s255,,,s257,,,,s258,,,,,,,,,,,,,,,,,,254,256,,,,,,,,,,,271,,
252,,,,,,,,,,,s255,,,s257,,,,s258,,,,,,,,,,,,,,,,,,254,256,,,,,,,,,,,272,,
253,,,,,,,,,,,,,,,,s131,,,s132,,s273,,,,,,,,,,,,,,,,,,,,,,,,,,,,,
254,,,,,r27,r27,,,,,,,,,,r27,,,r27,,,,,,r27,,,,,,,,,,,,,,,,,,,,,,,,,
255,,,,,r44,r44,,,,,,,,,,r44,,,r44,,,,,,r44,,,,,,,,,,,,,,,,,,,,,,,,,
256,,,,,r30,r30,,,,,,,,,,r30,,,r30,,,,,,r30,,,,,,,,,,,,,,,,,,,,,,,,,
257,,,,,,,,,,,s72,,,s74,,s75,,s76,s77,,,,,,,,,,,,,,,,274,71,73,,,,,,,,,,,78,,
258,,,,,r31,r31,,,,,,,,,,r31,,,r31,,,,,,r31,,,,,,,,,,,,,,,,,,,,,,,,,
259,,,,,s275,r23,,,,,,,,,,r23,,,r23,,,,,,s276,,,,,,,,,,,,,,,,,,,,,,,,,
260,,,,,s275,r22,,,,,,,,,,r22,,,r22,,,,,,s276,,,,,,,,,,,,,,,,,,,,,,,,,
261,,,,,,,,,,,s217,,,s219,,,,s221,,,,,,,,,,,,,,,,,,277,218,,,,,,,,,,,,,
262,,,,,,,,,,,s217,,,s219,,,,s221,,,,,,,,,,,,,,,,,,278,218,,,,,,,,,,,,,
263,,,,,,,r14,,,,,,,,,,,,,,,r14,,,,,,,,,,,,,,,,,,,,,,,,,,,,
264,,,,,r32,,r32,,,,,,,,,r32,,,r32,,,r32,,,r32,,,,,,,,,,,,,,,,,,,,,,,,,
265,,,,,r29,,r29,,,,,,,,,r29,,,r29,,,r29,,,r29,,,,,,,,,,,,,,,,,,,,,,,,,
266,,,,,r28,,r28,,,,,,,,,r28,,,r28,,,r28,,,r28,,,,,,,,,,,,,,,,,,,,,,,,,
267,,,,,,,r35,,,,,,,,,,,,,,,r35,,,,,,,,,,,,,,,,,,,,,,,,,,,,
268,,,,,r32,,,,,,,,,,,r32,,,r32,,,,,r32,r32,,,,,,,,,,,,,,,,,,,,,,,,,
269,,,,,r29,,,,,,,,,,,r29,,,r29,,,,,r29,r29,,,,,,,,,,,,,,,,,,,,,,,,,
270,,,,,r28,,,,,,,,,,,r28,,,r28,,,,,r28,r28,,,,,,,,,,,,,,,,,,,,,,,,,
271,,,,,s275,r26,,,,,,,,,,r26,,,r26,,,,,,s276,,,,,,,,,,,,,,,,,,,,,,,,,
272,,,,,s275,r25,,,,,,,,,,r25,,,r25,,,,,,s276,,,,,,,,,,,,,,,,,,,,,,,,,
273,,,,,r32,r32,,,,,,,,,,r32,,,r32,,,,,,r32,,,,,,,,,,,,,,,,,,,,,,,,,
274,,,,,,,,,,,,,,,,s131,,,s132,,s279,,,,,,,,,,,,,,,,,,,,,,,,,,,,,
275,,,,,,,,,,,s255,,,s257,,,,s258,,,,,,,,,,,,,,,,,,280,256,,,,,,,,,,,,,
276,,,,,,,,,,,s255,,,s257,,,,s258,,,,,,,,,,,,,,,,,,281,256,,,,,,,,,,,,,
277,,,,,r29,r29,,,,,,,,,,r29,,,r29,,,,,,r29,,,,,,,,,,,,,,,,,,,,,,,,,
278,,,,,r28,r28,,,,,,,,,,r28,,,r28,,,,,,r28,,,,,,,,,,,,,,,,,,,,,,,,,
279,,,,,r32,r32,,,,,,,,,,r32,,,r32,,,,,,r32,,,,,,,,,,,,,,,,,,,,,,,,,
280,,,,,r29,r29,,,,,,,,,,r29,,,r29,,,,,,r29,,,,,,,,,,,,,,,,,,,,,,,,,
281,,,,,r28,r28,,,,,,,,,,r28,,,r28,,,,,,r28,,,,,,,,,,,,,,,,,,,,,,,,,
³åÍ»×´Ì¬,