id,ASSIGN,BEGIN,COMMA,CONST,DIV,DO,END,EQUAL,GE,GT,ID,IF,LE,LPAREN,LT,MINUS,NEQ,NUM,PLUS,PROGRAM,RPAREN,SEMI,TERMINAL,THEN,TIMES,VAR,WHILE,AssignmentStatement,CompoundStatement,Condition,ConditionStatement,ConstantDeclaration,ConstantDefinition,EmptyStatement,Expression,Factor,Identifier,LastStatement,LoopStatement,M,NextConstantDefinition,NextID,Program,Program`,RelationalOperator,Statement,SubProgram,Term,VariableDeclaration,
0,,,,,,,,,,,,,,,,,,,,s1,,,,,,,,,,,,,,,,,,,,,,,2,,,,,,,
1,,,,,,,,,,,s3,,,,,,,,,,,,,,,,,,,,,,,,,,,,,,,,,,,,,,,
2,,,,,,,,,,,,,,,,,,,,,,,acc,,,,,,,,,,,,,,,,,,,,,,,,,,,
3,,s5,,s6,,,,,,,s11,s12,,,,,,,,,,,r43,,,s17,s19,4,7,,8,9,,10,,,13,,14,,,,,,,15,16,,18,
4,,,,,,,,,,,,,,,,,,,,,,,r16,,,,,,,,,,,,,,,,,,,,,,,,,,,
5,,s21,,,,,r43,,,,s11,s25,,,,,,,,,,r43,,,,,s30,20,22,,23,,,24,,,26,27,28,,,,,,,29,,,,
6,,,,,,,,,,,s32,,,,,,,,,,,,,,,,,,,,,,31,,,,,,,,,,,,,,,,,
7,,,,,,,,,,,,,,,,,,,,,,,r19,,,,,,,,,,,,,,,,,,,,,,,,,,,
8,,,,,,,,,,,,,,,,,,,,,,,r17,,,,,,,,,,,,,,,,,,,,,,,,,,,
9,,s5,,,,,,,,,s11,s12,,,,,,,,,,,r43,,,s17,s19,4,7,,8,,,10,,,13,,14,,,,,,,33,,,34,
10,,,,,,,,,,,,,,,,,,,,,,,r20,,,,,,,,,,,,,,,,,,,,,,,,,,,
11,r44,,,,,,,,,,,,,,,,,,,,,,,,,,,,,,,,,,,,,,,,,,,,,,,,,
12,,,,,,,,,,,s38,,,s40,,s41,,s42,s43,,,,,,,,,,,35,,,,,36,37,39,,,,,,,,,,,44,,
13,s45,,,,,,,,,,,,,,,,,,,,,,,,,,,,,,,,,,,,,,,,,,,,,,,,,
14,,,,,,,,,,,,,,,,,,,,,,,r18,,,,,,,,,,,,,,,,,,,,,,,,,,,
15,,,,,,,,,,,,,,,,,,,,,,,r5,,,,,,,,,,,,,,,,,,,,,,,,,,,
16,,,,,,,,,,,,,,,,,,,,,,,r1,,,,,,,,,,,,,,,,,,,,,,,,,,,
17,,,,,,,,,,,s46,,,,,,,,,,,,,,,,,,,,,,,,,,,,,,,,,,,,,,,
18,,s5,,,,,,,,,s11,s12,,,,,,,,,,,r43,,,,s19,4,7,,8,,,10,,,13,,14,,,,,,,47,,,,
19,,,,,,,,,,,r34,,,r34,,r34,,r34,r34,,,,,,,,,,,,,,,,,,,,,48,,,,,,,,,,
20,,,,,,,r16,,,,,,,,,,,,,,,r16,,,,,,,,,,,,,,,,,,,,,,,,,,,,
21,,s21,,,,,r43,,,,s11,s25,,,,,,,,,,r43,,,,,s30,20,22,,23,,,24,,,26,49,28,,,,,,,29,,,,
22,,,,,,,r19,,,,,,,,,,,,,,,r19,,,,,,,,,,,,,,,,,,,,,,,,,,,,
23,,,,,,,r17,,,,,,,,,,,,,,,r17,,,,,,,,,,,,,,,,,,,,,,,,,,,,
24,,,,,,,r20,,,,,,,,,,,,,,,r20,,,,,,,,,,,,,,,,,,,,,,,,,,,,
25,,,,,,,,,,,s38,,,s40,,s41,,s42,s43,,,,,,,,,,,50,,,,,36,37,39,,,,,,,,,,,44,,
26,s51,,,,,,,,,,,,,,,,,,,,,,,,,,,,,,,,,,,,,,,,,,,,,,,,,
27,,,,,,,s52,,,,,,,,,,,,,,,s53,,,,,,,,,,,,,,,,,,,,,,,,,,,,
28,,,,,,,r18,,,,,,,,,,,,,,,r18,,,,,,,,,,,,,,,,,,,,,,,,,,,,
29,,,,,,,r15,,,,,,,,,,,,,,,r15,,,,,,,,,,,,,,,,,,,,,,,,,,,,
30,,,,,,,,,,,r34,,,r34,,r34,,r34,r34,,,,,,,,,,,,,,,,,,,,,54,,,,,,,,,,
31,,,s55,,,,,,,,,,,,,,,,,,,s57,,,,,,,,,,,,,,,,,,,56,,,,,,,,,
32,s58,,,,,,,,,,,,,,,,,,,,,,,,,,,,,,,,,,,,,,,,,,,,,,,,,
33,,,,,,,,,,,,,,,,,,,,,,,r3,,,,,,,,,,,,,,,,,,,,,,,,,,,
34,,s5,,,,,,,,,s11,s12,,,,,,,,,,,r43,,,,s19,4,7,,8,,,10,,,13,,14,,,,,,,59,,,,
35,,,,,,,,,,,,,,,,,,,,,,,,s60,,,,,,,,,,,,,,,,,,,,,,,,,,
36,,,,,,,,s61,s62,s63,,,s64,,s65,s66,s67,,s68,,,,,,,,,,,,,,,,,,,,,,,,,,69,,,,,
37,,,,,r27,,,r27,r27,r27,,,r27,,r27,r27,r27,,r27,,,,,,r27,,,,,,,,,,,,,,,,,,,,,,,,,
38,,,,,r44,,,r44,r44,r44,,,r44,,r44,r44,r44,,r44,,,,,,r44,,,,,,,,,,,,,,,,,,,,,,,,,
39,,,,,r30,,,r30,r30,r30,,,r30,,r30,r30,r30,,r30,,,,,,r30,,,,,,,,,,,,,,,,,,,,,,,,,
40,,,,,,,,,,,s72,,,s74,,s75,,s76,s77,,,,,,,,,,,,,,,,70,71,73,,,,,,,,,,,78,,
41,,,,,,,,,,,s80,,,s82,,,,s83,,,,,,,,,,,,,,,,,,79,81,,,,,,,,,,,84,,
42,,,,,r31,,,r31,r31,r31,,,r31,,r31,r31,r31,,r31,,,,,,r31,,,,,,,,,,,,,,,,,,,,,,,,,
43,,,,,,,,,,,s80,,,s82,,,,s83,,,,,,,,,,,,,,,,,,79,81,,,,,,,,,,,85,,
44,,,,,s86,,,r24,r24,r24,,,r24,,r24,r24,r24,,r24,,,,,,s87,,,,,,,,,,,,,,,,,,,,,,,,,
45,,,,,,,,,,,s90,,,s92,,s93,,s94,s95,,,,,,,,,,,,,,,,88,89,91,,,,,,,,,,,96,,
46,,,s97,,,,,,,,,,,,,,,,,,,s99,,,,,,,,,,,,,,,,,,,,98,,,,,,,,
47,,,,,,,,,,,,,,,,,,,,,,,r4,,,,,,,,,,,,,,,,,,,,,,,,,,,
48,,,,,,,,,,,s38,,,s40,,s41,,s42,s43,,,,,,,,,,,100,,,,,101,37,39,,,,,,,,,,,44,,
49,,,,,,,s102,,,,,,,,,,,,,,,s53,,,,,,,,,,,,,,,,,,,,,,,,,,,,
50,,,,,,,,,,,,,,,,,,,,,,,,s103,,,,,,,,,,,,,,,,,,,,,,,,,,
51,,,,,,,,,,,s106,,,s108,,s109,,s110,s111,,,,,,,,,,,,,,,,104,105,107,,,,,,,,,,,112,,
52,,,,,,,,,,,,,,,,,,,,,,,r13,,,,,,,,,,,,,,,,,,,,,,,,,,,
53,,r34,,,,,r34,,,,r34,r34,,,,,,,,,,r34,,,,,r34,,,,,,,,,,,,,113,,,,,,,,,,
54,,,,,,,,,,,s38,,,s40,,s41,,s42,s43,,,,,,,,,,,114,,,,,101,37,39,,,,,,,,,,,44,,
55,,,,,,,,,,,s32,,,,,,,,,,,,,,,,,,,,,,115,,,,,,,,,,,,,,,,,
56,,r6,,,,,,,,,r6,r6,,,,,,,,,,,r6,,,r6,r6,,,,,,,,,,,,,,,,,,,,,,,
57,,r8,,,,,,,,,r8,r8,,,,,,,,,,,r8,,,r8,r8,,,,,,,,,,,,,,,,,,,,,,,
58,,,,,,,,,,,,,,,,,,s116,,,,,,,,,,,,,,,,,,,,,,,,,,,,,,,,
59,,,,,,,,,,,,,,,,,,,,,,,r2,,,,,,,,,,,,,,,,,,,,,,,,,,,
60,,r34,,,,,,,,,r34,r34,,,,,,,,,,,r34,,,,r34,,,,,,,,,,,,,117,,,,,,,,,,
61,,,,,,,,,,,r37,,,r37,,r37,,r37,r37,,,,,,,,,,,,,,,,,,,,,,,,,,,,,,,
62,,,,,,,,,,,r42,,,r42,,r42,,r42,r42,,,,,,,,,,,,,,,,,,,,,,,,,,,,,,,
63,,,,,,,,,,,r41,,,r41,,r41,,r41,r41,,,,,,,,,,,,,,,,,,,,,,,,,,,,,,,
64,,,,,,,,,,,r40,,,r40,,r40,,r40,r40,,,,,,,,,,,,,,,,,,,,,,,,,,,,,,,
65,,,,,,,,,,,r39,,,r39,,r39,,r39,r39,,,,,,,,,,,,,,,,,,,,,,,,,,,,,,,
66,,,,,,,,,,,s80,,,s82,,,,s83,,,,,,,,,,,,,,,,,,79,81,,,,,,,,,,,118,,
67,,,,,,,,,,,r38,,,r38,,r38,,r38,r38,,,,,,,,,,,,,,,,,,,,,,,,,,,,,,,
68,,,,,,,,,,,s80,,,s82,,,,s83,,,,,,,,,,,,,,,,,,79,81,,,,,,,,,,,119,,
69,,,,,,,,,,,s122,,,s124,,s125,,s126,s127,,,,,,,,,,,,,,,,120,121,123,,,,,,,,,,,128,,
70,,,,,,,,,,,,,,,,s129,,,s130,,s131,,,,,,,,,,,,,,,,,,,,,,,,,,,,,
71,,,,,r27,,,,,,,,,,,r27,,,r27,,r27,,,,r27,,,,,,,,,,,,,,,,,,,,,,,,,
72,,,,,r44,,,,,,,,,,,r44,,,r44,,r44,,,,r44,,,,,,,,,,,,,,,,,,,,,,,,,
73,,,,,r30,,,,,,,,,,,r30,,,r30,,r30,,,,r30,,,,,,,,,,,,,,,,,,,,,,,,,
74,,,,,,,,,,,s72,,,s74,,s75,,s76,s77,,,,,,,,,,,,,,,,132,71,73,,,,,,,,,,,78,,
75,,,,,,,,,,,s134,,,s136,,,,s137,,,,,,,,,,,,,,,,,,133,135,,,,,,,,,,,138,,
76,,,,,r31,,,,,,,,,,,r31,,,r31,,r31,,,,r31,,,,,,,,,,,,,,,,,,,,,,,,,
77,,,,,,,,,,,s134,,,s136,,,,s137,,,,,,,,,,,,,,,,,,133,135,,,,,,,,,,,139,,
78,,,,,s140,,,,,,,,,,,r24,,,r24,,r24,,,,s141,,,,,,,,,,,,,,,,,,,,,,,,,
79,,,,,r27,,,r27,r27,r27,,,r27,,r27,r27,r27,,r27,,,,,,r27,,,,,,,,,,,,,,,,,,,,,,,,,
80,,,,,r44,,,r44,r44,r44,,,r44,,r44,r44,r44,,r44,,,,,,r44,,,,,,,,,,,,,,,,,,,,,,,,,
81,,,,,r30,,,r30,r30,r30,,,r30,,r30,r30,r30,,r30,,,,,,r30,,,,,,,,,,,,,,,,,,,,,,,,,
82,,,,,,,,,,,s72,,,s74,,s75,,s76,s77,,,,,,,,,,,,,,,,142,71,73,,,,,,,,,,,78,,
83,,,,,r31,,,r31,r31,r31,,,r31,,r31,r31,r31,,r31,,,,,,r31,,,,,,,,,,,,,,,,,,,,,,,,,
84,,,,,s143,,,r23,r23,r23,,,r23,,r23,r23,r23,,r23,,,,,,s144,,,,,,,,,,,,,,,,,,,,,,,,,
85,,,,,s143,,,r22,r22,r22,,,r22,,r22,r22,r22,,r22,,,,,,s144,,,,,,,,,,,,,,,,,,,,,,,,,
86,,,,,,,,,,,s38,,,s40,,,,s42,,,,,,,,,,,,,,,,,,145,39,,,,,,,,,,,,,
87,,,,,,,,,,,s38,,,s40,,,,s42,,,,,,,,,,,,,,,,,,146,39,,,,,,,,,,,,,
88,,,,,,,,,,,,,,,,s147,,,s148,,,,r21,,,,,,,,,,,,,,,,,,,,,,,,,,,
89,,,,,r27,,,,,,,,,,,r27,,,r27,,,,r27,,r27,,,,,,,,,,,,,,,,,,,,,,,,,
90,,,,,r44,,,,,,,,,,,r44,,,r44,,,,r44,,r44,,,,,,,,,,,,,,,,,,,,,,,,,
91,,,,,r30,,,,,,,,,,,r30,,,r30,,,,r30,,r30,,,,,,,,,,,,,,,,,,,,,,,,,
92,,,,,,,,,,,s72,,,s74,,s75,,s76,s77,,,,,,,,,,,,,,,,149,71,73,,,,,,,,,,,78,,
93,,,,,,,,,,,s151,,,s153,,,,s154,,,,,,,,,,,,,,,,,,150,152,,,,,,,,,,,155,,
94,,,,,r31,,,,,,,,,,,r31,,,r31,,,,r31,,r31,,,,,,,,,,,,,,,,,,,,,,,,,
95,,,,,,,,,,,s151,,,s153,,,,s154,,,,,,,,,,,,,,,,,,150,152,,,,,,,,,,,156,,
96,,,,,s157,,,,,,,,,,,r24,,,r24,,,,r24,,s158,,,,,,,,,,,,,,,,,,,,,,,,,
97,,,,,,,,,,,s159,,,,,,,,,,,,,,,,,,,,,,,,,,,,,,,,,,,,,,,
98,,r10,,,,,,,,,r10,r10,,,,,,,,,,,r10,,,,r10,,,,,,,,,,,,,,,,,,,,,,,
99,,r12,,,,,,,,,r12,r12,,,,,,,,,,,r12,,,,r12,,,,,,,,,,,,,,,,,,,,,,,
100,,,,,,s160,,,,,,,,,,,,,,,,,,,,,,,,,,,,,,,,,,,,,,,,,,,,
101,,,,,,,,s61,s62,s63,,,s64,,s65,s66,s67,,s68,,,,,,,,,,,,,,,,,,,,,,,,,,161,,,,,
102,,,,,,,r13,,,,,,,,,,,,,,,r13,,,,,,,,,,,,,,,,,,,,,,,,,,,,
103,,r34,,,,,r34,,,,r34,r34,,,,,,,,,,r34,,,,,r34,,,,,,,,,,,,,162,,,,,,,,,,
104,,,,,,,r21,,,,,,,,,s163,,,s164,,,r21,,,,,,,,,,,,,,,,,,,,,,,,,,,,
105,,,,,r27,,r27,,,,,,,,,r27,,,r27,,,r27,,,r27,,,,,,,,,,,,,,,,,,,,,,,,,
106,,,,,r44,,r44,,,,,,,,,r44,,,r44,,,r44,,,r44,,,,,,,,,,,,,,,,,,,,,,,,,
107,,,,,r30,,r30,,,,,,,,,r30,,,r30,,,r30,,,r30,,,,,,,,,,,,,,,,,,,,,,,,,
108,,,,,,,,,,,s72,,,s74,,s75,,s76,s77,,,,,,,,,,,,,,,,165,71,73,,,,,,,,,,,78,,
109,,,,,,,,,,,s167,,,s169,,,,s170,,,,,,,,,,,,,,,,,,166,168,,,,,,,,,,,171,,
110,,,,,r31,,r31,,,,,,,,,r31,,,r31,,,r31,,,r31,,,,,,,,,,,,,,,,,,,,,,,,,
111,,,,,,,,,,,s167,,,s169,,,,s170,,,,,,,,,,,,,,,,,,166,168,,,,,,,,,,,172,,
112,,,,,s173,,r24,,,,,,,,,r24,,,r24,,,r24,,,s174,,,,,,,,,,,,,,,,,,,,,,,,,
113,,s21,,,,,r43,,,,s11,s25,,,,,,,,,,r43,,,,,s30,20,22,,23,,,24,,,26,,28,,,,,,,175,,,,
114,,,,,,s176,,,,,,,,,,,,,,,,,,,,,,,,,,,,,,,,,,,,,,,,,,,,
115,,,s55,,,,,,,,,,,,,,,,,,,s57,,,,,,,,,,,,,,,,,,,177,,,,,,,,,
116,,,r9,,,,,,,,,,,,,,,,,,,r9,,,,,,,,,,,,,,,,,,,,,,,,,,,,
117,,s5,,,,,,,,,s11,s12,,,,,,,,,,,r43,,,,s19,4,7,,8,,,10,,,13,,14,,,,,,,178,,,,
118,,,,,s143,,,r26,r26,r26,,,r26,,r26,r26,r26,,r26,,,,,,s144,,,,,,,,,,,,,,,,,,,,,,,,,
119,,,,,s143,,,r25,r25,r25,,,r25,,r25,r25,r25,,r25,,,,,,s144,,,,,,,,,,,,,,,,,,,,,,,,,
120,,,,,,,,,,,,,,,,s179,,,s180,,,,,r36,,,,,,,,,,,,,,,,,,,,,,,,,,
121,,,,,r27,,,,,,,,,,,r27,,,r27,,,,,r27,r27,,,,,,,,,,,,,,,,,,,,,,,,,
122,,,,,r44,,,,,,,,,,,r44,,,r44,,,,,r44,r44,,,,,,,,,,,,,,,,,,,,,,,,,
123,,,,,r30,,,,,,,,,,,r30,,,r30,,,,,r30,r30,,,,,,,,,,,,,,,,,,,,,,,,,
124,,,,,,,,,,,s72,,,s74,,s75,,s76,s77,,,,,,,,,,,,,,,,181,71,73,,,,,,,,,,,78,,
125,,,,,,,,,,,s183,,,s185,,,,s186,,,,,,,,,,,,,,,,,,182,184,,,,,,,,,,,187,,
126,,,,,r31,,,,,,,,,,,r31,,,r31,,,,,r31,r31,,,,,,,,,,,,,,,,,,,,,,,,,
127,,,,,,,,,,,s183,,,s185,,,,s186,,,,,,,,,,,,,,,,,,182,184,,,,,,,,,,,188,,
128,,,,,s189,,,,,,,,,,,r24,,,r24,,,,,r24,s190,,,,,,,,,,,,,,,,,,,,,,,,,
129,,,,,,,,,,,s134,,,s136,,,,s137,,,,,,,,,,,,,,,,,,133,135,,,,,,,,,,,191,,
130,,,,,,,,,,,s134,,,s136,,,,s137,,,,,,,,,,,,,,,,,,133,135,,,,,,,,,,,192,,
131,,,,,r32,,,r32,r32,r32,,,r32,,r32,r32,r32,,r32,,,,,,r32,,,,,,,,,,,,,,,,,,,,,,,,,
132,,,,,,,,,,,,,,,,s129,,,s130,,s193,,,,,,,,,,,,,,,,,,,,,,,,,,,,,
133,,,,,r27,,,,,,,,,,,r27,,,r27,,r27,,,,r27,,,,,,,,,,,,,,,,,,,,,,,,,
134,,,,,r44,,,,,,,,,,,r44,,,r44,,r44,,,,r44,,,,,,,,,,,,,,,,,,,,,,,,,
135,,,,,r30,,,,,,,,,,,r30,,,r30,,r30,,,,r30,,,,,,,,,,,,,,,,,,,,,,,,,
136,,,,,,,,,,,s72,,,s74,,s75,,s76,s77,,,,,,,,,,,,,,,,194,71,73,,,,,,,,,,,78,,
137,,,,,r31,,,,,,,,,,,r31,,,r31,,r31,,,,r31,,,,,,,,,,,,,,,,,,,,,,,,,
138,,,,,s195,,,,,,,,,,,r23,,,r23,,r23,,,,s196,,,,,,,,,,,,,,,,,,,,,,,,,
139,,,,,s195,,,,,,,,,,,r22,,,r22,,r22,,,,s196,,,,,,,,,,,,,,,,,,,,,,,,,
140,,,,,,,,,,,s72,,,s74,,,,s76,,,,,,,,,,,,,,,,,,197,73,,,,,,,,,,,,,
141,,,,,,,,,,,s72,,,s74,,,,s76,,,,,,,,,,,,,,,,,,198,73,,,,,,,,,,,,,
142,,,,,,,,,,,,,,,,s129,,,s130,,s199,,,,,,,,,,,,,,,,,,,,,,,,,,,,,
143,,,,,,,,,,,s80,,,s82,,,,s83,,,,,,,,,,,,,,,,,,200,81,,,,,,,,,,,,,
144,,,,,,,,,,,s80,,,s82,,,,s83,,,,,,,,,,,,,,,,,,201,81,,,,,,,,,,,,,
145,,,,,r29,,,r29,r29,r29,,,r29,,r29,r29,r29,,r29,,,,,,r29,,,,,,,,,,,,,,,,,,,,,,,,,
146,,,,,r28,,,r28,r28,r28,,,r28,,r28,r28,r28,,r28,,,,,,r28,,,,,,,,,,,,,,,,,,,,,,,,,
147,,,,,,,,,,,s151,,,s153,,,,s154,,,,,,,,,,,,,,,,,,150,152,,,,,,,,,,,202,,
148,,,,,,,,,,,s151,,,s153,,,,s154,,,,,,,,,,,,,,,,,,150,152,,,,,,,,,,,203,,
149,,,,,,,,,,,,,,,,s129,,,s130,,s204,,,,,,,,,,,,,,,,,,,,,,,,,,,,,
150,,,,,r27,,,,,,,,,,,r27,,,r27,,,,r27,,r27,,,,,,,,,,,,,,,,,,,,,,,,,
151,,,,,r44,,,,,,,,,,,r44,,,r44,,,,r44,,r44,,,,,,,,,,,,,,,,,,,,,,,,,
152,,,,,r30,,,,,,,,,,,r30,,,r30,,,,r30,,r30,,,,,,,,,,,,,,,,,,,,,,,,,
153,,,,,,,,,,,s72,,,s74,,s75,,s76,s77,,,,,,,,,,,,,,,,205,71,73,,,,,,,,,,,78,,
154,,,,,r31,,,,,,,,,,,r31,,,r31,,,,r31,,r31,,,,,,,,,,,,,,,,,,,,,,,,,
155,,,,,s206,,,,,,,,,,,r23,,,r23,,,,r23,,s207,,,,,,,,,,,,,,,,,,,,,,,,,
156,,,,,s206,,,,,,,,,,,r22,,,r22,,,,r22,,s207,,,,,,,,,,,,,,,,,,,,,,,,,
157,,,,,,,,,,,s90,,,s92,,,,s94,,,,,,,,,,,,,,,,,,208,91,,,,,,,,,,,,,
158,,,,,,,,,,,s90,,,s92,,,,s94,,,,,,,,,,,,,,,,,,209,91,,,,,,,,,,,,,
159,,,s97,,,,,,,,,,,,,,,,,,,s99,,,,,,,,,,,,,,,,,,,,210,,,,,,,,
160,,r34,,,,,,,,,r34,r34,,,,,,,,,,,r34,,,,r34,,,,,,,,,,,,,211,,,,,,,,,,
161,,,,,,,,,,,s214,,,s216,,s217,,s218,s219,,,,,,,,,,,,,,,,212,213,215,,,,,,,,,,,220,,
162,,s21,,,,,r43,,,,s11,s25,,,,,,,,,,r43,,,,,s30,20,22,,23,,,24,,,26,,28,,,,,,,221,,,,
163,,,,,,,,,,,s167,,,s169,,,,s170,,,,,,,,,,,,,,,,,,166,168,,,,,,,,,,,222,,
164,,,,,,,,,,,s167,,,s169,,,,s170,,,,,,,,,,,,,,,,,,166,168,,,,,,,,,,,223,,
165,,,,,,,,,,,,,,,,s129,,,s130,,s224,,,,,,,,,,,,,,,,,,,,,,,,,,,,,
166,,,,,r27,,r27,,,,,,,,,r27,,,r27,,,r27,,,r27,,,,,,,,,,,,,,,,,,,,,,,,,
167,,,,,r44,,r44,,,,,,,,,r44,,,r44,,,r44,,,r44,,,,,,,,,,,,,,,,,,,,,,,,,
168,,,,,r30,,r30,,,,,,,,,r30,,,r30,,,r30,,,r30,,,,,,,,,,,,,,,,,,,,,,,,,
169,,,,,,,,,,,s72,,,s74,,s75,,s76,s77,,,,,,,,,,,,,,,,225,71,73,,,,,,,,,,,78,,
170,,,,,r31,,r31,,,,,,,,,r31,,,r31,,,r31,,,r31,,,,,,,,,,,,,,,,,,,,,,,,,
171,,,,,s226,,r23,,,,,,,,,r23,,,r23,,,r23,,,s227,,,,,,,,,,,,,,,,,,,,,,,,,
172,,,,,s226,,r22,,,,,,,,,r22,,,r22,,,r22,,,s227,,,,,,,,,,,,,,,,,,,,,,,,,
173,,,,,,,,,,,s106,,,s108,,,,s110,,,,,,,,,,,,,,,,,,228,107,,,,,,,,,,,,,
174,,,,,,,,,,,s106,,,s108,,,,s110,,,,,,,,,,,,,,,,,,229,107,,,,,,,,,,,,,
175,,,,,,,r14,,,,,,,,,,,,,,,r14,,,,,,,,,,,,,,,,,,,,,,,,,,,,
176,,r34,,,,,r34,,,,r34,r34,,,,,,,,,,r34,,,,,r34,,,,,,,,,,,,,230,,,,,,,,,,
177,,r7,,,,,,,,,r7,r7,,,,,,,,,,,r7,,,r7,r7,,,,,,,,,,,,,,,,,,,,,,,
178,,,,,,,,,,,,,,,,,,,,,,,r33,,,,,,,,,,,,,,,,,,,,,,,,,,,
179,,,,,,,,,,,s183,,,s185,,,,s186,,,,,,,,,,,,,,,,,,182,184,,,,,,,,,,,231,,
180,,,,,,,,,,,s183,,,s185,,,,s186,,,,,,,,,,,,,,,,,,182,184,,,,,,,,,,,232,,
181,,,,,,,,,,,,,,,,s129,,,s130,,s233,,,,,,,,,,,,,,,,,,,,,,,,,,,,,
182,,,,,r27,,,,,,,,,,,r27,,,r27,,,,,r27,r27,,,,,,,,,,,,,,,,,,,,,,,,,
183,,,,,r44,,,,,,,,,,,r44,,,r44,,,,,r44,r44,,,,,,,,,,,,,,,,,,,,,,,,,
184,,,,,r30,,,,,,,,,,,r30,,,r30,,,,,r30,r30,,,,,,,,,,,,,,,,,,,,,,,,,
185,,,,,,,,,,,s72,,,s74,,s75,,s76,s77,,,,,,,,,,,,,,,,234,71,73,,,,,,,,,,,78,,
186,,,,,r31,,,,,,,,,,,r31,,,r31,,,,,r31,r31,,,,,,,,,,,,,,,,,,,,,,,,,
187,,,,,s235,,,,,,,,,,,r23,,,r23,,,,,r23,s236,,,,,,,,,,,,,,,,,,,,,,,,,
188,,,,,s235,,,,,,,,,,,r22,,,r22,,,,,r22,s236,,,,,,,,,,,,,,,,,,,,,,,,,
189,,,,,,,,,,,s122,,,s124,,,,s126,,,,,,,,,,,,,,,,,,237,123,,,,,,,,,,,,,
190,,,,,,,,,,,s122,,,s124,,,,s126,,,,,,,,,,,,,,,,,,238,123,,,,,,,,,,,,,
191,,,,,s195,,,,,,,,,,,r26,,,r26,,r26,,,,s196,,,,,,,,,,,,,,,,,,,,,,,,,
192,,,,,s195,,,,,,,,,,,r25,,,r25,,r25,,,,s196,,,,,,,,,,,,,,,,,,,,,,,,,
193,,,,,r32,,,,,,,,,,,r32,,,r32,,r32,,,,r32,,,,,,,,,,,,,,,,,,,,,,,,,
194,,,,,,,,,,,,,,,,s129,,,s130,,s239,,,,,,,,,,,,,,,,,,,,,,,,,,,,,
195,,,,,,,,,,,s134,,,s136,,,,s137,,,,,,,,,,,,,,,,,,240,135,,,,,,,,,,,,,
196,,,,,,,,,,,s134,,,s136,,,,s137,,,,,,,,,,,,,,,,,,241,135,,,,,,,,,,,,,
197,,,,,r29,,,,,,,,,,,r29,,,r29,,r29,,,,r29,,,,,,,,,,,,,,,,,,,,,,,,,
198,,,,,r28,,,,,,,,,,,r28,,,r28,,r28,,,,r28,,,,,,,,,,,,,,,,,,,,,,,,,
199,,,,,r32,,,r32,r32,r32,,,r32,,r32,r32,r32,,r32,,,,,,r32,,,,,,,,,,,,,,,,,,,,,,,,,
200,,,,,r29,,,r29,r29,r29,,,r29,,r29,r29,r29,,r29,,,,,,r29,,,,,,,,,,,,,,,,,,,,,,,,,
201,,,,,r28,,,r28,r28,r28,,,r28,,r28,r28,r28,,r28,,,,,,r28,,,,,,,,,,,,,,,,,,,,,,,,,
202,,,,,s206,,,,,,,,,,,r26,,,r26,,,,r26,,s207,,,,,,,,,,,,,,,,,,,,,,,,,
203,,,,,s206,,,,,,,,,,,r25,,,r25,,,,r25,,s207,,,,,,,,,,,,,,,,,,,,,,,,,
204,,,,,r32,,,,,,,,,,,r32,,,r32,,,,r32,,r32,,,,,,,,,,,,,,,,,,,,,,,,,
205,,,,,,,,,,,,,,,,s129,,,s130,,s242,,,,,,,,,,,,,,,,,,,,,,,,,,,,,
206,,,,,,,,,,,s151,,,s153,,,,s154,,,,,,,,,,,,,,,,,,243,152,,,,,,,,,,,,,
207,,,,,,,,,,,s151,,,s153,,,,s154,,,,,,,,,,,,,,,,,,244,152,,,,,,,,,,,,,
208,,,,,r29,,,,,,,,,,,r29,,,r29,,,,r29,,r29,,,,,,,,,,,,,,,,,,,,,,,,,
209,,,,,r28,,,,,,,,,,,r28,,,r28,,,,r28,,r28,,,,,,,,,,,,,,,,,,,,,,,,,
210,,r11,,,,,,,,,r11,r11,,,,,,,,,,,r11,,,,r11,,,,,,,,,,,,,,,,,,,,,,,
211,,s5,,,,,,,,,s11,s12,,,,,,,,,,,r43,,,,s19,4,7,,8,,,10,,,13,,14,,,,,,,245,,,,
212,,,,,,r36,,,,,,,,,,s246,,,s247,,,,,,,,,,,,,,,,,,,,,,,,,,,,,,,
213,,,,,r27,r27,,,,,,,,,,r27,,,r27,,,,,,r27,,,,,,,,,,,,,,,,,,,,,,,,,
214,,,,,r44,r44,,,,,,,,,,r44,,,r44,,,,,,r44,,,,,,,,,,,,,,,,,,,,,,,,,
215,,,,,r30,r30,,,,,,,,,,r30,,,r30,,,,,,r30,,,,,,,,,,,,,,,,,,,,,,,,,
216,,,,,,,,,,,s72,,,s74,,s75,,s76,s77,,,,,,,,,,,,,,,,248,71,73,,,,,,,,,,,78,,
217,,,,,,,,,,,s250,,,s252,,,,s253,,,,,,,,,,,,,,,,,,249,251,,,,,,,,,,,254,,
218,,,,,r31,r31,,,,,,,,,,r31,,,r31,,,,,,r31,,,,,,,,,,,,,,,,,,,,,,,,,
219,,,,,,,,,,,s250,,,s252,,,,s253,,,,,,,,,,,,,,,,,,249,251,,,,,,,,,,,255,,
220,,,,,s256,r24,,,,,,,,,,r24,,,r24,,,,,,s257,,,,,,,,,,,,,,,,,,,,,,,,,
221,,,,,,,r33,,,,,,,,,,,,,,,r33,,,,,,,,,,,,,,,,,,,,,,,,,,,,
222,,,,,s226,,r26,,,,,,,,,r26,,,r26,,,r26,,,s227,,,,,,,,,,,,,,,,,,,,,,,,,
223,,,,,s226,,r25,,,,,,,,,r25,,,r25,,,r25,,,s227,,,,,,,,,,,,,,,,,,,,,,,,,
224,,,,,r32,,r32,,,,,,,,,r32,,,r32,,,r32,,,r32,,,,,,,,,,,,,,,,,,,,,,,,,
225,,,,,,,,,,,,,,,,s129,,,s130,,s258,,,,,,,,,,,,,,,,,,,,,,,,,,,,,
226,,,,,,,,,,,s167,,,s169,,,,s170,,,,,,,,,,,,,,,,,,259,168,,,,,,,,,,,,,
227,,,,,,,,,,,s167,,,s169,,,,s170,,,,,,,,,,,,,,,,,,260,168,,,,,,,,,,,,,
228,,,,,r29,,r29,,,,,,,,,r29,,,r29,,,r29,,,r29,,,,,,,,,,,,,,,,,,,,,,,,,
229,,,,,r28,,r28,,,,,,,,,r28,,,r28,,,r28,,,r28,,,,,,,,,,,,,,,,,,,,,,,,,
230,,s21,,,,,r43,,,,s11,s25,,,,,,,,,,r43,,,,,s30,20,22,,23,,,24,,,26,,28,,,,,,,261,,,,
231,,,,,s235,,,,,,,,,,,r26,,,r26,,,,,r26,s236,,,,,,,,,,,,,,,,,,,,,,,,,
232,,,,,s235,,,,,,,,,,,r25,,,r25,,,,,r25,s236,,,,,,,,,,,,,,,,,,,,,,,,,
233,,,,,r32,,,,,,,,,,,r32,,,r32,,,,,r32,r32,,,,,,,,,,,,,,,,,,,,,,,,,
234,,,,,,,,,,,,,,,,s129,,,s130,,s262,,,,,,,,,,,,,,,,,,,,,,,,,,,,,
235,,,,,,,,,,,s183,,,s185,,,,s186,,,,,,,,,,,,,,,,,,263,184,,,,,,,,,,,,,
236,,,,,,,,,,,s183,,,s185,,,,s186,,,,,,,,,,,,,,,,,,264,184,,,,,,,,,,,,,
237,,,,,r29,,,,,,,,,,,r29,,,r29,,,,,r29,r29,,,,,,,,,,,,,,,,,,,,,,,,,
238,,,,,r28,,,,,,,,,,,r28,,,r28,,,,,r28,r28,,,,,,,,,,,,,,,,,,,,,,,,,
239,,,,,r32,,,,,,,,,,,r32,,,r32,,r32,,,,r32,,,,,,,,,,,,,,,,,,,,,,,,,
240,,,,,r29,,,,,,,,,,,r29,,,r29,,r29,,,,r29,,,,,,,,,,,,,,,,,,,,,,,,,
241,,,,,r28,,,,,,,,,,,r28,,,r28,,r28,,,,r28,,,,,,,,,,,,,,,,,,,,,,,,,
242,,,,,r32,,,,,,,,,,,r32,,,r32,,,,r32,,r32,,,,,,,,,,,,,,,,,,,,,,,,,
243,,,,,r29,,,,,,,,,,,r29,,,r29,,,,r29,,r29,,,,,,,,,,,,,,,,,,,,,,,,,
244,,,,,r28,,,,,,,,,,,r28,,,r28,,,,r28,,r28,,,,,,,,,,,,,,,,,,,,,,,,,
245,,,,,,,,,,,,,,,,,,,,,,,r35,,,,,,,,,,,,,,,,,,,,,,,,,,,
246,,,,,,,,,,,s250,,,s252,,,,s253,,,,,,,,,,,,,,,,,,249,251,,,,,,,,,,,265,,
247,,,,,,,,,,,s250,,,s252,,,,s253,,,,,,,,,,,,,,,,,,249,251,,,,,,,,,,,266,,
248,,,,,,,,,,,,,,,,s129,,,s130,,s267,,,,,,,,,,,,,,,,,,,,,,,,,,,,,
249,,,,,r27,r27,,,,,,,,,,r27,,,r27,,,,,,r27,,,,,,,,,,,,,,,,,,,,,,,,,
250,,,,,r44,r44,,,,,,,,,,r44,,,r44,,,,,,r44,,,,,,,,,,,,,,,,,,,,,,,,,
251,,,,,r30,r30,,,,,,,,,,r30,,,r30,,,,,,r30,,,,,,,,,,,,,,,,,,,,,,,,,
252,,,,,,,,,,,s72,,,s74,,s75,,s76,s77,,,,,,,,,,,,,,,,268,71,73,,,,,,,,,,,78,,
253,,,,,r31,r31,,,,,,,,,,r31,,,r31,,,,,,r31,,,,,,,,,,,,,,,,,,,,,,,,,
254,,,,,s269,r23,,,,,,,,,,r23,,,r23,,,,,,s270,,,,,,,,,,,,,,,,,,,,,,,,,
255,,,,,s269,r22,,,,,,,,,,r22,,,r22,,,,,,s270,,,,,,,,,,,,,,,,,,,,,,,,,
256,,,,,,,,,,,s214,,,s216,,,,s218,,,,,,,,,,,,,,,,,,271,215,,,,,,,,,,,,,
257,,,,,,,,,,,s214,,,s216,,,,s218,,,,,,,,,,,,,,,,,,272,215,,,,,,,,,,,,,
258,,,,,r32,,r32,,,,,,,,,r32,,,r32,,,r32,,,r32,,,,,,,,,,,,,,,,,,,,,,,,,
259,,,,,r29,,r29,,,,,,,,,r29,,,r29,,,r29,,,r29,,,,,,,,,,,,,,,,,,,,,,,,,
260,,,,,r28,,r28,,,,,,,,,r28,,,r28,,,r28,,,r28,,,,,,,,,,,,,,,,,,,,,,,,,
261,,,,,,,r35,,,,,,,,,,,,,,,r35,,,,,,,,,,,,,,,,,,,,,,,,,,,,
262,,,,,r32,,,,,,,,,,,r32,,,r32,,,,,r32,r32,,,,,,,,,,,,,,,,,,,,,,,,,
263,,,,,r29,,,,,,,,,,,r29,,,r29,,,,,r29,r29,,,,,,,,,,,,,,,,,,,,,,,,,
264,,,,,r28,,,,,,,,,,,r28,,,r28,,,,,r28,r28,,,,,,,,,,,,,,,,,,,,,,,,,
265,,,,,s269,r26,,,,,,,,,,r26,,,r26,,,,,,s270,,,,,,,,,,,,,,,,,,,,,,,,,
266,,,,,s269,r25,,,,,,,,,,r25,,,r25,,,,,,s270,,,,,,,,,,,,,,,,,,,,,,,,,
267,,,,,r32,r32,,,,,,,,,,r32,,,r32,,,,,,r32,,,,,,,,,,,,,,,,,,,,,,,,,
268,,,,,,,,,,,,,,,,s129,,,s130,,s273,,,,,,,,,,,,,,,,,,,,,,,,,,,,,
269,,,,,,,,,,,s250,,,s252,,,,s253,,,,,,,,,,,,,,,,,,274,251,,,,,,,,,,,,,
270,,,,,,,,,,,s250,,,s252,,,,s253,,,,,,,,,,,,,,,,,,275,251,,,,,,,,,,,,,
271,,,,,r29,r29,,,,,,,,,,r29,,,r29,,,,,,r29,,,,,,,,,,,,,,,,,,,,,,,,,
272,,,,,r28,r28,,,,,,,,,,r28,,,r28,,,,,,r28,,,,,,,,,,,,,,,,,,,,,,,,,
273,,,,,r32,r32,,,,,,,,,,r32,,,r32,,,,,,r32,,,,,,,,,,,,,,,,,,,,,,,,,
274,,,,,r29,r29,,,,,,,,,,r29,,,r29,,,,,,r29,,,,,,,,,,,,,,,,,,,,,,,,,
275,,,,,r28,r28,,,,,,,,,,r28,,,r28,,,,,,r28,,,,,,,,,,,,,,,,,,,,,,,,,
³åÍ»×´Ì¬,